Temperature,Humidity,Status
5.993428306022466,83.99355436586002,0
4.72347139765763,79.24633682912769,0
6.295377076201385,70.59630369920174,0
8.046059712816051,63.53063222294426,1
4.531693250553328,76.9822331361359,0
4.531726086101639,73.9348538542175,0
8.158425631014783,78.95193220027733,1
6.534869458305818,76.35171801681969,0
4.061051228130096,80.49552715319335,0
6.085120087171929,64.64764788439432,0
4.0731646143750755,83.17394065634326,0
4.068540492859486,71.975996046924,0
5.483924543132068,90.75260872625265,1
1.1734395106844042,63.10812181910432,0
1.5501643349739345,87.3596380316525,1
3.8754249415180544,71.97910783462648,0
2.9743377593311524,63.48581996385552,0
5.628494665190548,65.16114165945679,0
3.1839518489575784,66.7965269180568,0
2.175392597329417,74.24165946401916,0
7.931297537843108,75.228354880355,0
4.548447399026928,64.26299996061421,0
5.1350564093758475,69.75645407739017,0
2.1505036275730864,91.42270358611864,1
3.9112345509496347,87.27543170100711,1
5.2218451794197325,74.36323669674032,0
2.6980128451553944,70.380034781682,0
5.751396036691344,71.20031326718261,0
3.79872262016239,76.13517972730416,0
4.416612500413446,59.77207434801595,1
3.796586775541206,67.42623462576655,0
8.704556369017876,53.314159261224106,1
4.973005550524132,73.9922312260528,0
2.8845781420881993,76.4719593970274,0
6.645089824206378,65.16813537700627,0
2.5583127000579555,85.73986763290033,1
5.4177271900095105,57.74234336997659,1
1.0806597522404489,55.3562511979018,1
2.343627902203139,72.24451818559972,0
5.393722471738247,80.47098302612154,0
6.476933159990821,86.83927691457869,1
5.342736562379941,65.4111573713106,0
4.768703435223519,80.78680833431295,0
4.3977926088214225,69.61491530499293,0
2.0429560192651453,68.2737270005918,0
3.5603115832105825,78.83659937486672,0
4.078722458080425,76.52322878413419,0
7.114244452437831,54.236078430157505,1
5.687236579136923,84.76540349725896,0
1.473919689274532,83.80091354147451,0
5.64816793878959,63.74437298490471,0
4.229835439167367,73.95803533437409,0
3.6461559993880828,74.94030186282738,0
6.2233525776817356,72.60673765823907,0
7.061999044991902,64.4969484615458,0
6.862560238232398,63.283766320619485,0
3.3215649535547227,69.74445929008554,0
4.381575248297571,81.72729019259364,0
5.662526862807128,75.43600154594432,0
6.951090254244718,66.29385667913894,0
4.04165152430942,77.71698710648344,0
4.628682046672366,41.51457379369924,1
2.7873300519879436,81.48765700372104,0
2.6075867518386584,52.60286221221901,1
6.625051644788396,66.37559058596868,0
7.712480057141645,58.803301053738565,1
4.855979756839332,57.053185242790946,1
7.007065795784048,81.6082678737852,0
5.723272050095268,65.32298798688109,0
3.7097604907897512,73.46503881730716,0
5.722791211016828,69.53079421120816,0
8.076073132931938,74.77040827223121,1
4.928347921780097,70.76821891060256,0
8.129287311628012,57.1700777581143,1
-0.23949020817948874,79.9626681944714,0
6.643805008750448,65.06243416838687,0
5.174094136476342,54.434181013402494,1
4.401985299068265,65.71884839034088,0
5.183521553071005,85.00759790634311,1
1.0248621707982144,78.50221742113493,0
4.560656224324976,66.5134786559214,0
5.7142251430234925,66.50742295681572,0
7.955788089483033,66.78364948782617,0
3.9634595634527052,90.76747983560841,1
3.3830127942136246,73.81935452231554,0
3.996485912830927,74.3004164719107,0
6.830804235404148,80.30283454031843,0
5.657502219319369,72.38789159026514,0
3.9404795924659224,67.40957854179297,0
6.026534866226712,68.03650150915021,0
5.194155098696081,69.28398740585936,0
6.937289981065779,69.62777763490159,0
3.5958938122452953,77.2762954363698,0
4.3446757068044635,70.519458858073,0
4.215783693735685,77.3264007721558,0
2.072970103735763,69.19283419891417,0
5.592240554129152,70.7863519031609,0
5.522110544359778,50.01799315467892,1
5.010226913284922,79.16327674702481,0
4.530825733249706,73.46488475897992,0
2.1692585158991715,79.98010109859652,0
4.158709354469282,41.03744621806311,1
4.314570966946461,90.88374704780728,1
3.395445461556762,68.60410371844826,0
4.677428576667982,81.08182816737516,0
5.8081017136290765,59.60094072874469,1
8.77237180242106,76.12773905062569,1
5.349155625663678,59.46584436826344,1
5.515100781445529,63.76231039304195,0
4.851108168467666,89.14031353866787,1
1.162457569401917,68.09317599236654,0
4.946972249101567,72.17432873179723,0
5.120460419882053,78.70067730688754,0
9.926484224970572,74.95681887972604,1
4.615278070437755,71.50418905143576,0
5.603094684667225,73.64961002466225,0
4.9305764605895135,94.03415585238275,1
2.662643924760936,69.42381202966415,0
7.285645629030041,72.01099046714967,0
6.503866065373549,80.50654396007612,0
6.582063894086094,81.05525932957984,0
3.181225090410522,81.8703030556038,0
7.805588621872198,76.38730222029184,0
2.1962978744154382,58.569950872695166,1
6.173714187600541,86.33431532301096,1
9.380911251619956,58.53654606981312,1
3.0189273497386235,73.02635465239034,0
3.867404540794456,62.45724149980642,0
5.199302730175282,69.35861653407008,0
3.9930486917676014,73.2876241030348,0
1.8986731378677346,73.21357215450273,0
5.137125949612055,74.21920754235285,0
2.8753925725477902,86.13711269058646,1
5.9471848612703635,74.5353430151398,0
3.1611515315323935,67.55843364709351,0
8.09986881003508,79.64087168288357,1
3.4334934153275256,81.89470488924641,0
4.355876967588649,57.72392184863008,1
6.62703443473934,75.97400069849859,0
2.5382713671320896,77.01172742310898,0
5.4549198692082586,67.02436496640009,0
7.614285508564857,83.75706813311619,0
1.785033530877545,68.49944412967473,0
5.369267717064608,71.25576453471542,0
5.519765588496847,68.26928175716131,0
6.563645743554621,70.15579047581467,0
2.526098578243836,59.037249131047986,1
2.3590867738314474,55.59949117405706,1
6.0438831312337955,85.94505063224972,1
5.5939693464663724,61.53038651681672,0
5.5009857006917535,60.08607650543693,0
5.692896418993952,48.466098863962856,1
3.6399505568430186,63.610382523104974,0
5.464507394322007,56.76910206592502,1
5.586144946597362,86.4201516013637,1
3.571297163947264,80.09817089342634,0
8.731549022289514,63.118496548222765,1
5.947665841823575,92.52435805344308,1
2.617393005594703,79.81765486991594,0
6.313107217267659,66.75168616491378,0
3.050636659545357,45.005942851264265,1
6.574169207484904,92.90942572590743,1
7.317191158014808,56.10427533236404,1
3.358635363296579,53.546012530431085,1
6.926752258488643,80.2257043200964,0
5.825561853872997,94.39752406339272,1
6.64412031998898,83.84272818510519,0
8.793585965307894,75.6390912005236,1
4.509223767994259,75.94754341665286,0
3.492527671285021,78.53415558780307,0
3.2209711407489534,77.58928589786765,0
3.3683794300691234,72.81191423969376,0
4.845796581171792,71.04201103951875,0
5.682303949633288,69.37406872100478,0
5.553381598660038,62.46035411133324,0
6.654366498072047,67.19324923133226,0
5.026003783755814,53.07043185804615,1
7.907068154314634,69.0166037320525,0
4.470686333524088,60.11408892849083,0
10.440338333179238,58.964106827842286,1
6.251334695530012,71.79894151153478,0
3.285684887167435,83.920022863446,0
2.8582150038777754,79.18316606002313,0
5.96494483048637,54.29499396376823,1
4.553074429348298,60.10371863429663,0
6.428000988184184,79.40771187988216,0
5.94647524914709,60.175126064616904,0
4.854342174686255,67.75366850002976,0
3.30641256386319,75.50052099024552,0
1.9703055506282707,60.31655545136365,0
4.106970095865957,71.0537550614596,0
6.712797588646945,56.65974505081795,1
5.4281874882604075,63.98632356048786,0
2.508522442576024,73.19781934142537,0
5.346361851702364,54.070062664683306,1
5.770634759457674,74.40474737960399,0
3.2322851275977342,69.80362201073319,0
5.307450211891056,75.52489954417148,0
5.116417436892,72.23914134064661,0
2.714059404338754,83.64140429973844,0
5.715574720696567,71.25224502647907,0
6.121569052736469,65.70594458874747,0
7.166102486350554,71.22297503032284,0
7.1076041040698055,75.43298029036387,0
2.244661264085818,70.48860070325705,0
3.124349920169754,70.40591691203882,0
6.0300705344173195,62.980083121932445,0
6.027571901824418,63.37099082449052,0
6.030095372612096,55.97394728200307,1
12.705462981309442,87.4957674318694,1
6.141781021386334,57.56136764608715,1
7.271131280361198,63.07094802204092,0
6.908003526986405,62.81592734430802,0
6.302782502611596,78.94924376944441,0
4.369461510719309,67.05050321707972,0
6.517938440986535,82.47742072673734,0
3.4543495709248564,63.26509375756132,0
4.526362786519982,72.78994162223802,0
4.029272904341793,61.64652946740243,0
5.163748278772645,91.45149127773388,1
9.629317133347017,58.12401580970487,1
1.2654696148165039,73.09820710227028,0
6.372520380749027,76.33776880932099,0
1.7745682576206967,74.13799097451498,0
4.056136268421133,68.14712341122292,0
7.177901193934732,68.70179300266574,0
5.128560038190925,70.4381147197911,0
2.8445104441413878,68.52997998371511,0
3.5693925814800638,79.6387911679491,0
6.359195497869352,92.10523001591352,1
3.5392667365657267,64.42508214992166,0
5.43291717916395,56.301970204209226,1
5.091143679807628,69.11717951648745,0
3.6967993047883656,95.79709337654319,1
9.28788817865065,61.963254320302696,1
6.267838044636022,86.39116805444067,1
0.9497148266847857,86.77700814076441,1
5.3729086295388555,64.46411758292005,0
3.676427070463224,75.68983079185276,0
6.704866669592448,86.28396623128538,1
3.4149585231345987,66.20872259012513,0
4.770527117066202,67.96419639897638,0
6.0099745579609145,64.18319086051356,0
6.731510388340243,59.852432693071336,1
2.5994071858884475,63.50722454933993,0
4.330997528318103,57.760597332377436,1
4.050109377678088,70.34083468259226,0
3.693341534852576,62.30026768941358,0
8.530908480562193,72.33785911790747,1
5.809963421921911,54.44104353796373,1
2.4782320913299096,73.30880232214457,0
6.835723894109552,78.33528961608924,0
9.244312394025266,50.062643574285445,1
7.064930521102294,73.74056569847572,0
1.9612600680919732,82.27668992473292,0
4.031531854267497,57.90358981308795,1
7.533822298373245,86.72572386837703,1
3.5846610687624385,74.19019009366045,0
5.887638856292456,62.949881442415915,0
6.5492681068586736,69.44230922342294,0
3.1461390568438343,75.58326912521723,0
4.8809492878764,70.76005391412411,0
-1.4825346801381452,75.38755992446369,0
2.9512247173314203,60.79326406920634,0
4.494863697213679,71.69360824036077,0
2.504433636070301,55.8628550309502,1
8.26482260786327,68.88773938651299,1
2.1397172440787346,60.960923585352106,0
4.119911026606032,62.64470057410233,0
5.2614811545721825,82.36093175210438,0
7.8825465781322315,80.9131012059427,0
2.1282756976411212,76.09138120907177,0
7.326327504309919,59.07687235327421,1
5.020466122039174,66.83591550305198,0
3.036982697904098,82.13097699979184,0
5.924206948526542,71.41716913639905,0
5.39811939114694,93.19329539981695,1
3.799566245682411,73.93317839394372,0
5.139604169980037,71.92049116490031,0
4.22937280627648,66.908835357975,0
5.227034690502496,71.33540904782282,0
6.324261349042093,68.47530163619456,0
8.172033632290704,77.0810867668859,1
2.524369002346302,79.56702316794585,0
9.266066749312532,62.140105394920504,1
1.0958244009549962,56.68767046442222,1
4.6964298099288335,51.637946268967035,1
6.176634412969153,75.07991326912544,0
5.561983735470065,58.966333938261265,1
3.7546009603588124,48.471094070475175,1
4.5837554992854495,73.88578604530964,0
4.013998130682334,94.9299951743279,1
3.821270486111577,69.93929088460106,0
6.699204194042049,78.38490774451643,0
5.714030971930095,70.81829358547564,0
3.6141808094786914,69.01110346808858,0
6.799199750866501,79.19076482987768,0
5.614599041753219,67.09725455811349,0
6.62572423767792,72.67392314071903,0
6.259257683847224,73.21697806196013,0
3.3420099781558554,63.31909546356951,0
3.879637919606061,79.92042349536523,0
6.494587210246523,68.25040243304592,0
6.22074053086693,62.442548405071555,0
4.958196812071704,75.36509843570404,0
5.234654766617564,61.015320182089624,0
7.55532979157685,70.28181157369129,0
3.8168572223283403,69.90881003355797,0
6.094194762340075,80.85895565831578,0
4.595614695132212,74.74698232879953,0
4.56463759354556,69.74973041254856,0
7.19755370397438,78.17766299200287,0
6.6508326979760595,83.90207549017313,0
6.627019272001277,75.57810306351863,0
7.610957614308658,70.10352619843381,0
5.042007683265518,56.8816376764984,1
6.363905942589928,59.348863369246274,1
4.379466486813088,66.94775295645333,0
5.648332704976884,63.90487797840717,0
4.739713891264631,68.13028697014553,0
5.193991929985437,70.56649924897107,0
6.190314050873827,75.2969275435673,0
3.3635586335330547,69.29501221940909,0
9.184774551370921,74.86501643826202,1
2.987965237000596,70.6447441481012,0
2.5716227744245357,50.24533433646128,1
7.316221747000135,60.606646061812455,0
6.583325387925871,68.55912444278384,0
6.24823963410431,57.90305257158892,1
6.25669101852856,75.99928729996205,0
4.975506454306171,85.30750832343698,1
3.2054912570283367,82.18761851697317,0
5.151609116387453,67.86557129069791,0
3.6456765769757764,84.90726136849952,0
6.9502394668355025,71.48667457202112,0
4.705885236995723,66.62914028881961,0
3.349005606414977,63.8659733645906,0
4.357228316694013,66.97530313511872,0
5.825862908551248,66.11823181458772,0
3.8725508943920506,71.70416222375488,0
3.3555592088671373,71.60573981049865,0
5.487374422983825,70.03046020153414,0
5.4899331422174455,74.3693816974635,0
3.9861136492577405,81.90646274786342,0
4.057923388763355,79.49554135441323,0
5.464099874715273,55.151020315500965,1
2.1038313170053518,44.46078865098045,1
2.1850724512468895,79.34319911239274,0
3.563111557495128,56.33121301584579,1
4.573105696576306,67.75234598107316,0
5.621815131196009,58.298869739406406,1
7.950712433899104,51.9801956241998,1
6.7153192464040385,75.41462728204787,0
4.680122940073145,77.59155160302647,0
4.961967584194622,64.2348959927328,0
2.9949412707243823,44.0895770785509,1
4.96297372801522,64.53755551747517,0
4.422682722159723,73.91804005402547,0
5.645437120676179,55.21088431225871,1
3.345538112895354,71.83359919779156,0
6.038693028482345,69.84690150827005,0
8.065477826005155,75.79291499601088,1
4.782479703086285,71.19580368414154,0
5.8034234441978825,60.26931059118444,0
6.380287983422225,81.96571501664491,0
4.197559056228328,68.4147042697303,0
5.448184963620833,69.72695460490068,0
5.02518480156359,60.667320409268044,0
5.195352197097663,65.5671774880849,0
3.4539804322890673,61.15197285973099,0
5.049020348517885,68.27053940076577,0
5.9959965824909,87.11708480142343,1
7.902287215590084,56.28098857068643,1
6.918541652170414,53.86438602123259,1
9.306364915023114,84.71170327493608,1
3.465304874223901,67.90676322848134,0
6.744641273441356,63.309272613400836,0
5.366684011476703,80.39904687396077,0
9.379605866435345,63.94384460263136,1
3.383403429289697,88.26009713546937,1
3.3205563156384477,76.7792587133927,0
3.8012147091119557,65.12088591854297,0
0.7522085513803862,91.57308213265503,1
3.948489956638478,63.94285076996662,0
3.481734676892604,77.42095372009307,0
5.300787572952415,72.99292580406492,0
5.683511951554319,83.01741289398798,0
8.752341678431772,85.61511196726853,1
6.9008476763721,70.32004149065767,0
3.8461926886751936,62.46582129653817,0
3.203170657303284,74.59972142939117,0
5.983838343013011,63.22284630247894,0
2.3595335859587157,90.13387247526623,1
8.662917531708707,71.36535331082737,1
7.358880241442574,66.34678448687892,0
4.06164869579059,71.84680305864909,0
1.573730941818245,56.52873710470303,1
7.707744748330826,60.28385961489349,0
4.770920309494764,82.00413907944426,0
7.4756326239469235,63.43105721028604,0
1.8111446824112658,59.5308901731806,1
3.8012499540924543,75.36652752527286,0
5.010487399436366,81.85704154662997,0
5.093961187529484,77.18953310665067,0
4.099869057041513,79.96047685805816,0
6.2456998646949975,62.43204911430539,0
2.8647591412348112,55.78189333258156,1
4.715241029957413,85.01333651955487,1
5.240591263423798,66.77320161157864,0
6.028877668117498,67.49166983544953,0
6.423229756177779,83.28194141849058,0
2.7507158163242615,75.5623000940066,0
1.9317716585287554,74.55887772081607,0
7.555353643797018,91.65002344901083,1
5.6646280239591835,63.564817696198574,0
3.5030269268868928,79.27840128081237,0
8.102303951045046,70.57013124897084,1
5.231349268585717,72.68592278863257,0
7.358594368127653,85.28468426412532,1
5.135036962820218,75.07835756289624,0
9.121495849763974,75.38296079049633,1
8.510681684886409,80.72507337309803,1
4.502071703041853,66.35047270457115,0
6.943141901908711,61.607903326609936,0
6.290751899170295,59.55190805978967,1
7.737263115064698,50.33643410623998,1
3.070153078839791,90.56207129940321,1
6.372102919996879,58.96791634278317,1
7.116848973699176,67.78746376414227,0
1.4825210271537714,67.2318670011108,0
2.63348297466845,73.07406697809101,0
0.9215356444797989,78.15737212539297,0
4.461186331110884,78.60473488359746,0
6.435084511591924,64.16922561431062,0
8.004714104192056,68.32878286213588,1
5.14818956083955,72.825799504883,0
8.257231091142584,67.51308873816453,1
2.2397970835702172,86.07345576019992,1
1.5932351212896907,74.90974951638252,0
4.888904602206763,77.34877786049817,0
5.768130897878614,76.62881268667412,0
4.934610503811814,81.73473857485325,0
0.8651157999202468,71.81021558703706,0
4.821759920974423,57.03168052044153,1
2.3910609989902936,73.99687951752642,0
6.339345097660077,63.48643106208171,0
5.733196492193697,64.71383318250243,0
3.1202404273452897,75.86364018755093,0
3.972266165326613,82.38283071433636,0
2.881572956222097,70.21271576736062,0
4.874641805453656,73.08833012598964,0
6.910284641002477,87.02214944635239,1
3.0285479073289125,72.40753179488568,0
6.008093031035688,96.01683114180395,1
3.9394847632551184,75.65509645631545,0
3.4142543354753117,52.39237240844182,1
4.785939280090885,77.53341621104532,0
2.929515355161252,73.81158384882778,0
3.892701389305636,82.89752754082745,0
2.604244214822303,76.73181351269959,0
8.929450265832779,68.61544016016227,1
5.070527103943458,57.757017637106344,1
3.6005489840148286,67.90976742713974,0
5.427959821468444,61.494795457907,0
4.77534390061834,64.19476550195277,0
4.558060800933554,75.88578404420609,0
6.22833340008685,86.69904504351406,1
6.51501542009461,73.9467152982298,0
3.938997704778945,58.04116937964815,1
3.8483635187106398,74.4460266822014,0
4.449896605696712,81.96631486645651,0
0.39615767052883033,63.90217095680618,0
1.9696178756028955,68.65982833327082,0
7.733748534889049,70.14688194729197,0
8.289935427002568,62.151016869177596,1
4.501927920887243,76.4828043384386,0
6.153113926111533,68.79051851392218,0
5.622500309087072,74.19532443907028,0
11.157761616910475,61.125078221978995,1
7.2391498228691535,65.62541699676589,0
4.744164817038467,77.22381357827771,0
3.0889191187991485,66.27166847908234,0
1.787107359484855,87.26963851233405,1
5.406927271734446,66.00363814385398,0
3.487298509431393,72.24684725751887,0
2.1554925808046517,79.3259083187309,0
3.7068542315149466,55.816342670669684,1
2.83690399277121,52.39191188019224,1
8.37428327014513,54.74343685429905,1
6.763279513898901,82.62584103427182,0
4.9840547173667655,64.48141854107553,0
7.959888277780052,95.58199285668252,1
5.154736615295237,64.35752401342612,0
3.2774315973434724,71.84551303197037,0
8.046248154539315,85.42109952567876,1
6.077820087369317,90.06092888159122,1
2.925507691347087,90.61503576636397,1
4.619322643832784,82.08366230593143,0
3.2487634932304856,80.24062525811462,0
2.234400538071328,75.92526949201184,0
6.852355095063283,77.78361076166638,0
8.818833280940261,64.48814283671467,1
2.2028648523617176,61.81801116577693,0
6.125938473381142,69.96625542589048,0
3.698714861756346,68.29815377475072,0
4.0257492324706075,65.46771950672725,0
3.8152121515222617,76.96387447456715,0
3.2720184606403677,79.5530520857051,0
5.097043255889654,70.88406886291847,0
3.3380997671779244,84.77530081055262,0
5.540913651559678,58.58310885866495,1
4.899523781101726,68.06340540720282,0
4.522103906267181,62.831776793971954,0
3.1848726759168042,51.3346338292694,1
3.8464573388633347,69.17319314157301,0
6.510782451651512,68.78252491616716,0
6.0018343752487615,85.13449743242131,1
3.044889510402898,76.30811684554777,0
5.198664610858452,59.758131756707954,1
6.502774246743578,88.54092566334188,1
1.6611894377572565,82.21033695525352,0
6.08672038475987,75.82097703468615,0
3.674752482108307,67.73515901150168,0
6.141197337186319,60.405607632765204,0
3.4734816869149663,66.27793223928947,0
1.390235798670962,80.88748619704185,0
1.7449151242336747,88.84586305934609,1
5.096169893322764,85.43243528272188,1
5.519445003442963,65.11150578213726,0
3.191366749791183,58.80382566710989,1
6.277184917554748,71.40886246911204,0
1.6769598754620803,52.31560634437149,1
4.867840402705367,73.23167714184781,0
2.5779676004750867,68.52397413701331,0
3.696327784395682,65.33963498131757,0
5.094797342632828,54.05296932733204,1
3.2791732694320954,75.13600106569717,0
4.230888911540349,64.6729916033809,0
7.012585618428881,58.30083164289712,1
3.8462162609537023,41.2773778671835,1
6.671384224130284,69.72485094949364,0
2.740586290684764,87.72251596669744,1
6.059608355830566,86.6125921454787,1
7.883137241315801,65.42903743413729,0
0.056710999745421375,63.97787939638219,0
3.406209489059046,74.68774256075024,0
6.15414425436108,60.016145608117085,0
4.593909227914015,73.01791899819466,0
5.742291746742618,77.6608027838469,0
3.792029626568359,82.26933223884308,0
5.1731795749458,68.99845923520047,0
4.688645529215841,67.96326249823034,0
7.335564123319615,61.22017413243439,0
5.508841686602426,61.7311964596014,0
5.675205324150404,67.73521108098473,0
4.1762460677550655,73.67365506816178,0
4.024787551855013,79.13584626233249,0
4.134883624360758,61.96821049319655,0
5.788904284756594,84.92688568959522,0
4.158031038359474,67.2887639895743,0
5.579549713792826,69.78632705651565,0
9.150801597290878,62.527883208521764,1
6.742249406863385,45.75759739727059,1
4.347952935664318,78.8404539636105,0
7.40242784432789,77.36843897092433,0
4.183849253956897,67.18672442881787,0
0.9237509296442923,70.66990717224871,0
2.983827378165192,75.159392177041,0
1.2584161579482886,54.374541431134574,1
4.296973031917383,64.70947322653706,0
5.036836758379104,77.94264679621827,0
8.352874624550566,57.45710576830751,1
5.653854747528325,72.9355793216663,0
4.561798942382271,56.43418195376595,1
6.658811162366979,74.66429982433526,0
0.5777293819842297,69.64358517702516,0
5.471229116217132,53.848681840944906,1
6.541730387773933,81.64739354457171,0
2.042827508440317,62.65408423201951,0
7.287508086413858,61.89747562985619,0
5.676992814988829,72.00569197230944,0
4.169424172198397,81.48637349428715,0
6.26556373221257,59.841781810216034,1
9.541385715608792,70.61679849847971,1
5.36373251011699,74.28816500330574,0
5.496441172600672,76.93105607263143,0
4.081278200919511,71.76441555277225,0
3.3003112610704166,66.32972160916678,0
6.660671633088491,61.724097793512804,0
3.2878323481822656,70.86143883046375,0
5.143132474438785,59.27860988014393,1
4.044685106469767,40.78649516505393,1
5.957959651492784,74.36559804157667,0
5.667324210573897,79.03934841086195,0
7.075079888515798,46.37067564458162,1
3.979967202290506,59.90269295290062,1
4.460250129413257,76.19154261005198,0
3.042472568435385,90.574954697117,1
4.111413479847776,70.20793707675408,0
5.754600986089704,62.71997058770866,0
6.513977233290704,68.1710355889516,0
3.1556693516447494,83.74876419148185,0
6.73921184021132,63.54035820875465,0
7.711275717609902,62.00807993349746,0
5.826869806447402,65.17256477817968,0
8.753591625116131,60.466713917412875,1
3.452421601792854,71.22670315994796,0
2.510690593377166,86.2467845846956,1
1.4425595021914428,73.23079273116029,0
7.9920886229783665,67.47646497873713,0
6.308731312708115,67.08188731084456,0
4.8888306581790895,54.36809191303343,1
5.5599372526396404,78.83109777147159,0
2.749021905403247,69.22162802987198,0
9.891503959233653,68.19520086409375,1
5.258442363950455,101.93107567844861,1
5.218789589209786,72.98752908365687,0
6.451533247797384,62.48208949904816,0
5.962018463473426,65.73642403794457,0
5.447768048558263,81.48445709196756,0
3.4190510891093764,71.13270410537764,0
5.942936714271991,55.61722021682633,1
8.764048992950068,79.19228934575203,1
7.690840092309955,63.31855914461006,0
8.186373253278795,88.73297776217545,1
3.9775686471376295,80.80048065714648,0
3.020790359482838,65.52678104341248,0
4.748426159800704,82.81016361735112,0
5.111449824577389,70.67855510527403,0
7.188383036941897,78.52773675122219,0
1.6150707405703613,74.84732817294474,0
8.059100638921228,61.536433450091266,1
4.683984202842021,63.56450167682538,0
4.14623786010516,80.29960817581161,0
2.975791249479665,66.65224667893459,0
1.6902866562684613,65.96351536758003,0
6.646341167923829,60.44877420650647,0
5.146635934376808,74.23599065593461,0
2.4200782005178922,90.62524919243145,1
2.409842455872768,59.32467085745727,1
4.328430601419743,70.24219456672758,0
8.338043050578786,84.12220555415429,1
4.48081729727279,69.20358608754285,0
1.9937140937637876,74.52371796249734,0
4.508513871828112,59.376064718531204,1
4.454552860504659,74.28307097207649,0
-0.3937732858831433,68.12855734995452,0
4.8914102669643755,79.85729995679863,0
4.538130939582644,81.87386051564751,0
6.3924127296268365,95.89563642018614,1
8.69791218989069,75.79633173213576,1
7.253130059095515,73.25796316582166,0
4.462222618890339,71.94384301577335,0
2.7869481825166593,66.46833707189312,0
10.14671960649972,73.38483843461691,1
5.118436868028977,67.0459858986097,0
5.027858583825893,71.68460976269614,0
4.951749825779993,83.17597535607959,0
5.39616952153571,59.934574347203586,1
4.711279176152115,81.39878561129045,0
3.8526759862395275,83.17115067339866,0
3.9062821175192157,68.81931473008922,0
4.934493459568003,48.78145100991405,1
3.91315045773247,63.921780129055676,0
3.5743084346456713,82.96994546561109,0
5.212860455383794,69.77131937701118,0
4.490045565158289,60.00697767705089,0
8.007985977165378,64.95225078771783,1
-0.301939616786024,78.40620026504553,0
7.1830137038449235,75.4673356820138,0
7.492170384995259,67.61067900830305,0
0.8532195351837011,66.33175588185313,0
4.314624811839303,66.08241850956178,0
4.257118268008417,60.77589815501497,0
2.1849766105643575,86.15375689469442,1
3.444366624818249,66.7767953078866,0
2.7788483090683425,82.17158520825497,0
8.504540886847245,85.21316051922452,1
6.871356786294922,79.9831089814796,0
7.543110189988317,65.68379687281951,0
6.44334412808647,74.03730090336609,0
2.7418964575655416,69.75804393609084,0
3.9509594674404527,60.96298139269872,0
5.978749122455836,73.24359281721603,0
2.5557443822161092,58.20960208840198,1
6.425996860344776,81.87679388461564,0
4.5193492036837295,65.35382702701607,0
4.250358384900805,72.0115965587284,0
6.421919936406983,72.83287871546142,0
5.88852662297208,67.41095026295923,0
4.278067668361841,75.86693801475275,0
7.318659606728496,65.25096343377476,0
2.8378733448002054,78.71297297457244,0
6.231871213888527,56.54020319753251,1
6.186202515936768,71.26379579546412,0
4.38090712137202,89.38928999058285,1
5.652266044484236,59.99668675394425,1
2.497772847229394,63.222550294751485,0
6.848054038413802,75.13907849658915,0
4.630195727114022,71.79581781939598,0
3.954553958961921,73.50630099273559,0
7.098018451673779,74.89187130147664,0
3.5913126189144817,76.3472146856177,0
2.1830774072728807,81.09699841956223,0
1.8867416529521925,74.09818656928513,0
6.21201990269128,67.58742345381458,0
2.439141295007434,76.72573701202731,0
8.50958836396873,88.99881934895215,1
0.8361411842325559,68.67366253617426,0
8.392912736580076,60.254706953293585,1
5.422034934405237,81.07080669286972,0
4.806573776259215,68.79618836046401,0
3.9101618263821005,48.27330453985964,1
5.798272228704142,78.47421677150422,0
4.9247305951503035,64.64671814046078,0
7.2066037640330425,69.0946671769584,0
5.228455297324079,73.31980330569014,0
5.300603522923756,71.90499679779066,0
4.272775575572288,77.09451817139039,0
4.886108752557865,65.64513629430157,0
5.615603537784119,75.13105798176083,0
1.5796632146867489,67.40453322416083,0
2.303629155788574,77.38810480887503,0
6.48652818804543,76.15367484013053,0
5.341730876255884,60.645612979554045,0
4.632033327294642,80.85982116175032,0
5.036867866130787,64.64036554885952,0
5.695163410723342,78.08057798281145,0
3.920480639381277,73.6728731340134,0
3.4433905491953745,88.38183676795123,1
5.391690510195363,67.76534017628148,0
3.0432544447699357,66.50683203881802,0
5.816505511428944,69.80580394112268,0
1.5948327915243192,66.96820217165724,0
7.058311274651287,77.9994190194205,0
5.9451949648260864,53.83689391563412,1
5.5120594686277515,59.46317580853646,1
6.965381967891028,59.32197078420807,1
8.330948888925153,79.50307591973575,1
7.028740130036261,87.10613372581925,1
1.3182515373367094,68.95550781462528,0
2.440846066528597,68.31178276809989,0
3.7503628446086426,70.70052163113182,0
5.052182100421668,81.6187830260819,0
6.035318040938246,60.72646865809426,0
3.548512373693069,72.38368982734785,0
5.373533528954157,79.7519762978243,0
3.489234135293355,75.01094169939846,0
3.7769643940161037,71.89581616598744,0
2.1866778063035555,80.01046092567141,0
3.1535335077781914,42.967677070007625,1
2.2966307887673327,76.77875319530908,0
3.0482534940453343,63.45924316872576,0
7.107283593215679,51.69367103143543,1
3.1012022223361138,75.11202599524981,0
10.26476412967478,83.73658545162958,1
5.9866358017617785,68.62551485372308,0
5.369672247389747,79.52874547202939,0
3.2832844396375727,86.12278257988646,1
6.4006197588179825,83.14914453584048,0
3.848724347524452,86.39964529371393,1
5.244019629290723,77.42127491071892,0
10.12016907653759,70.75433638901593,1
4.8078802005507,53.980341881028316,1
7.298546652571352,67.53937511870052,0
3.593647149748225,61.567534046838084,0
4.930023019006077,91.70942717497815,1
8.54160127127102,68.24114187567663,1
3.746065884424465,71.23204806784486,0
8.624897115993857,75.51485376040468,1
6.415503870910951,70.43602446372454,0
3.8750664482114647,86.95051040430752,1
6.264815478111042,63.77350638265548,0
6.9451088992534595,71.94607455237242,0
6.243619924434393,62.57529414301952,0
1.8595505602190872,56.79977488779294,1
3.545725648350263,63.882309090947146,0
4.504962728896991,69.62963202951588,0
4.851133141799908,65.7069777548274,0
6.241344195101356,63.07579020126144,0
5.355402001866508,55.93682536328166,1
2.3293112825797975,69.16894427371305,0
5.760395702011927,54.952796259689975,1
6.221171490567646,77.60055963689602,0
6.11958089586208,70.82439752934503,0
7.161561451109243,55.4244850053507,1
6.667844309097808,66.90790922950137,0
5.918360158456873,62.478435944094166,0
4.859668577082706,73.19174510419181,0
1.6780781329680172,83.40450446023145,0
5.859236438265172,51.248275303542556,1
5.4153753743262225,71.15026079147417,0
5.543157674390747,68.3986720443336,0
2.446502848359381,76.71340076450466,0
2.8378869191834752,72.1319662823769,0
7.1063057066658075,62.48030668261181,0
4.92088969228669,66.80946064333382,0
6.363001394745249,62.03974143196511,0
5.056636752260922,80.76007138598598,0
5.05951227899149,70.21311648671943,0
6.876567611951995,89.01190685753008,1
3.967910543565252,69.39339186185379,0
5.192241553881967,62.91593233089537,0
4.075449422589915,54.862856073871725,1
4.131007545135369,51.96860323744055,1
4.381655753062721,54.158640569945106,1
5.444267543267426,72.67126651011483,0
4.042502756673045,75.08725023229934,0
7.511512251147042,54.188092979678665,1
3.2107853955609924,78.95038314076115,0
4.626256711677282,65.1693894831656,0
4.12053788345165,71.4679301198555,0
7.893955768707466,86.12220628255425,1
5.393109553023149,78.96839315865532,0
7.063689078937269,67.31469352094167,0
2.028879253926056,61.08807774584713,0
5.534100531738518,48.48184598670695,1
6.779261591246874,62.8084668075758,0
5.164567978550848,67.88869761172306,0
7.130960750130702,60.12820472848816,0
3.9654230997992554,68.68743032907695,0
7.81869488037116,70.76851882958768,0
9.5977962472385,67.75144018191921,1
4.274322879120682,63.4999741917654,0
4.1089949571984565,71.68654671966728,0
7.906768954235401,74.41940649569409,0
8.159144291461425,59.096009225571535,1
3.9542799456934636,84.10932379746271,0
4.159626365808285,69.01411867715738,0
4.436430782278985,70.18849622944848,0
2.311098977931446,77.08214423256557,0
3.1626961070316035,72.33216131263502,0
2.9917184664958643,79.53136633913245,0
3.464404869791743,72.87124165201824,0
4.930630225226437,63.87562625359562,0
5.468429465073042,73.61503525206102,0
8.101000985628154,58.56273792679338,1
3.003291918522418,71.08559705776523,0
6.968644796953168,69.6677000935554,0
4.572022311548982,67.9188314272746,0
4.901072580695134,68.71462488561069,0
6.3496389843332075,51.18150954502361,1
2.7545559568754028,64.51275092259039,0
5.764819492368101,70.92844901141115,0
5.332904416426112,71.598563919974,0
5.984902528016298,59.72324859074042,1
5.5783372878156365,82.65707840864701,0
9.91060027982179,61.33825151785499,1
3.7245200314973683,79.69457200526736,0
3.9380060899963647,74.27194361871685,0
3.753718947150471,63.53772690156197,0
3.8890457616794905,87.75310892609512,1
3.7252257453869646,58.0636316824352,1
7.378033062215104,79.19154173610002,0
7.841008495979709,80.00582318042979,0
3.8585074125010475,63.293797909233554,0
3.3352888537915426,83.92465300064329,0
5.942831112772808,67.49953485401048,0
3.8955539114380575,72.88693629279857,0
6.265863635511021,72.6032183877122,0
5.405846041702599,68.65691258529452,0
1.9685117700055361,78.10808273159782,0
8.095010402660122,77.93488720552213,1
8.591755346191043,52.51468026761819,1
3.7744226190312276,83.04340242878152,0
4.224596880128032,53.37508011964326,1
5.57173078144981,80.32546204341658,0
5.66891357997405,81.26705136827583,0
6.317088545345661,59.09033569784802,1
9.0204090775327,65.89185712045415,1
4.646105545011901,58.94295331514064,1
3.4034055109230925,67.85078969711265,0
2.2413615439709456,66.91965715814258,0
3.538139920116162,77.7966053226934,0
4.933746054252405,83.10308746119608,0
8.589115727035576,83.95683810789956,1
3.964777401927657,64.37831973421697,0
5.447575903277797,67.90778126255472,0
4.967154207854496,53.1656180777905,1
7.376786546896168,61.94129933503811,0
10.053864851747242,79.64851633097457,1
3.938262454159359,86.15582823548232,1
4.021121114963556,57.65651128120078,1
7.0883217541381445,64.07535740847106,0
6.363782979252623,69.73594243041073,0
8.693414651472068,72.80161158819607,1
6.167856370651927,61.90396480078354,0
4.281415818425881,74.2406104446409,0
6.181309661384619,65.26160652929084,0
7.2174071611658155,69.85547729121721,0
6.640964362394728,75.462842480037,0
6.014548062214596,70.06422269810938,0
7.133349379178307,65.63614109473431,0
7.3385911808913455,68.90390196074169,0
7.764317982075054,69.11637040794665,0
6.297419775179286,66.29988970117873,0
4.665763839366291,67.41203937332898,0
5.293427372866645,85.98647170504717,1
7.413017933016714,75.6091944794124,0
3.366128658025528,67.0451968197084,0
5.737346617745803,76.96954404510736,0
4.213322375345278,66.6618051024399,0
5.057489645869635,81.73124637586642,0
7.556903725214598,73.69642192198094,0
5.382198136039807,68.92697855995772,0
5.092873096312298,74.47716925810278,0
2.2802877180401615,54.291238479315005,1
6.492507132054442,58.73232531090195,1
6.29096836228215,58.060749936009444,1
9.32650944661092,71.42943094763707,1
4.384443530093998,87.32514999485092,1
5.438300655327878,92.31300146192632,1
5.498767367421511,76.38051101440757,0
8.15490655952695,75.00844474944456,1
4.809408935226096,51.989422658472606,1
5.558043051540679,64.57326200265979,0
6.215793019433079,62.12216248091761,0
5.3732182463127165,63.79152401748884,0
4.107132770898944,68.3185618141521,0
5.388179985796615,65.27909422302872,0
7.1472634997195446,50.20700189624212,1
2.9469694011778795,77.47910256117534,0
5.265939348293752,59.27256974260193,1
3.599758370121654,72.39246864111149,0
7.390093257849685,90.74082669749973,1
1.9536261904324506,60.80615408413577,0
3.8821563054568236,44.697124772536704,1
5.754423750129042,67.13995778119889,0
8.13104805846868,81.00959634998571,1
4.868499477854025,89.58347454220593,1
3.8896009466136032,57.70450405547583,1
8.76231413888118,74.96699223236521,1
2.103972199167512,65.34689543219946,0
0.6023880867598361,68.94051645695865,0
5.880028900106665,96.44343347017035,1
3.9958915512947777,54.970296716048466,1
2.9575343657385735,72.53739661494573,0
6.416712894598707,74.67693171765433,0
5.487601427542398,80.85786324939347,0
3.871842738526543,70.97983153470895,0
2.439391202658211,73.08050539504103,0
6.744914656560289,66.08351432578209,0
6.300402355917322,72.69126941245108,0
4.801648272441234,66.56807724502589,0
8.693273992095332,76.21571889856051,1
2.859830467347695,66.30389663956366,0
1.9489496581505223,73.77100393902187,0
3.616183860237511,69.70737186315021,0
4.908827967289004,81.26050250772168,0
5.486678898645383,69.48606276411513,0
4.5175278842873405,52.26967531793119,1
5.704110793028594,82.61921500713991,0
2.496921151619112,60.94267699137381,0
7.887529208146519,63.4623366135118,0
4.835697643214862,64.04338705956508,0
7.234591663176255,83.74438093170818,0
5.685450692755408,48.64325786021304,1
5.913506438307568,101.37748533659993,1
6.139534560464408,80.56056809066052,0
5.8954171200346295,72.23238914129159,0
6.285445519735088,69.45105999383713,0
7.658305060264863,72.85554074857657,0
5.39304233940294,75.21122428379338,0
6.418007515177025,76.45215585950056,0
4.820528611425546,75.55604466003449,0
7.880234430898946,70.8958068125525,0
3.6472153958814606,68.02661579692673,0
8.60188086582163,68.48726716346488,1
4.919684098711313,68.0509171964732,0
2.1384497957639037,81.33770096867065,0
5.2562088298215786,75.93556722280861,0
3.6378966850502383,40.59611365335719,1
6.681287097977448,76.55900776529761,0
3.694752041395218,71.94736194718774,0
4.107633133570441,69.81291243554102,0
1.220918538108938,66.11481546911114,0
4.095387361501847,81.24112719986013,0
0.15224134674208667,79.47526462122858,0
1.8321943530285534,62.27122332176391,0
6.520829312288595,74.07052287124534,0
6.571600317301664,60.28343265458714,0
5.85091512356993,56.203818352110694,1
3.066047713741574,63.73282775410035,0
4.90457728771604,78.62393472382759,0
4.992794921818863,79.53125045376086,0
2.6832706216149145,75.13085420097293,0
8.006796603534301,77.25095786847997,1
6.7547245811513426,75.16178287114958,0
4.558071652340672,63.585184047770476,0
5.053771677989062,74.31922544673941,0
5.416765615895105,78.00409525227683,0
0.9165302631514187,77.54291329813574,0
4.5056452349588065,81.88913371474644,0
3.6360315040044027,77.08303847201064,0
2.996759980210169,73.51448207541583,0
4.43779941422809,80.70150238316427,0
8.595373053699046,69.7347874075094,1
6.28168572253402,61.18125348772282,0
3.8576420204344064,68.36933036056236,0
6.145165562712317,62.55097355193551,0
